BloatedClass,reflection.ConcreteClass,CLASS
BloatedClass,reflection.ConcreteClass$ConcreteClassDefaultClass,SINGLETON
BloatedClass,reflection.BaseClass,CLASS
BloatedClass,reflection.ConcreteClass$ConcreteClassProtectedClass,SINGLETON
BloatedClass,reflection.BaseClass$BaseClassInnerClass,CLASS
PreservedClass,reflection.BaseInterface,INTERFACE
BloatedClass,reflection.MainReflection,CLASS
PreservedClass,reflection.BaseClass$BaseClassMemberEnum,ENUM
BloatedClass,reflection.ConcreteClass$ConcreteClassPrivateClass,SINGLETON
PreservedClass,reflection.ConcreteClass$ConcreteClassPublicEnum,ENUM
PreservedClass,reflection.ConcreteClass$ConcreteClassPublicInterface,INTERFACE
PreservedClass,reflection.ConcreteClass$ConcreteClassDefaultEnum,ENUM
BloatedClass,reflection.ConcreteClass$ConcreteClassPublicClass,CLASS
UsedClass,bag.BagClass,CLASS
BloatedClass,bag.MainBag,CLASS
BloatedClass,lambda.LambdaScoping$FirstLevel,SINGLETON
UsedClass,lambda.OrderMatcher,INTERFACE
UsedClass,lambda.OrderMatcherWithFees,INTERFACE
BloatedClass,lambda.LambdaScoping,CLASS
UsedClass,lambda.OrderBookAnalyser,CONSTANT
BloatedClass,neverused.Main2,CLASS
BloatedClass,neverused.OtherClass,CLASS
BloatedClass,neverused.UntestedClass,CLASS
UsedClass,common.Order,CLASS
UsedClass,common.Order$Type,ENUM
UsedClass,common.Order$Market,ENUM
UsedClass,annotations.ObjectToJsonConverter,CLASS
UsedClass,annotations.Person,CLASS
UsedClass,annotations.Init,ANNOTATION
UsedClass,annotations.JsonElement,ANNOTATION
UsedClass,annotations.JsonSerializationException,EXCEPTION
UsedClass,annotations.JsonSerializable,ANNOTATION
UsedClass,calc.CalculatorInt,INTERFACE
BloatedClass,calc.MainCalculator,CLASS
UsedClass,calc.CalculatorB,CLASS_ABSTRACT
BloatedClass,calc.StaticCl,CLASS
UsedClass,calc.Calculator,CLASS
BloatedClass,interfaces.MultiAlarmCar,CLASS
BloatedClass,interfaces.Application,CLASS
UsedClass,interfaces.Car,CLASS
UsedClass,interfaces.Vehicle,INTERFACE
PreservedClass,interfaces.Alarm,INTERFACE
UsedClass,interfaces.Motorbike,CLASS
BloatedClass,singleton.Singleton,SINGLETON
UsedClass,defaultmethods.TradingApi,INTERFACE
UsedClass,defaultmethods.MyTradingApi,CLASS
BloatedClass,org.apache.commons.collections4.bidimap.TreeBidiMap,CLASS
BloatedClass,org.apache.commons.collections4.bidimap.AbstractDualBidiMap$KeySetIterator,SINGLETON
BloatedClass,org.apache.commons.collections4.bidimap.TreeBidiMap$ValueView,CLASS
BloatedClass,org.apache.commons.collections4.bidimap.AbstractDualBidiMap$KeySet,SINGLETON
BloatedClass,org.apache.commons.collections4.bidimap.DualTreeBidiMap$ViewMap,SINGLETON
BloatedClass,org.apache.commons.collections4.bidimap.AbstractDualBidiMap$EntrySetIterator,SINGLETON
BloatedClass,org.apache.commons.collections4.bidimap.AbstractDualBidiMap$BidiMapIterator,SINGLETON
BloatedClass,org.apache.commons.collections4.bidimap.TreeBidiMap$Inverse,SINGLETON
BloatedClass,org.apache.commons.collections4.bidimap.AbstractDualBidiMap$EntrySet,SINGLETON
PreservedClass,org.apache.commons.collections4.bidimap.UnmodifiableSortedBidiMap,CONSTANT
BloatedClass,org.apache.commons.collections4.bidimap.AbstractDualBidiMap,CLASS_ABSTRACT
BloatedClass,org.apache.commons.collections4.bidimap.DualTreeBidiMap$BidiOrderedMapIterator,SINGLETON
BloatedClass,org.apache.commons.collections4.bidimap.DualTreeBidiMap,CLASS
BloatedClass,org.apache.commons.collections4.bidimap.TreeBidiMap$Node,SINGLETON
BloatedClass,org.apache.commons.collections4.bidimap.DualLinkedHashBidiMap,CLASS
BloatedClass,org.apache.commons.collections4.bidimap.AbstractDualBidiMap$ValuesIterator,SINGLETON
BloatedClass,org.apache.commons.collections4.bidimap.DualHashBidiMap,CLASS
BloatedClass,org.apache.commons.collections4.bidimap.AbstractBidiMapDecorator,CLASS_ABSTRACT
BloatedClass,org.apache.commons.collections4.bidimap.TreeBidiMap$EntryView,SINGLETON
PreservedClass,org.apache.commons.collections4.bidimap.TreeBidiMap$DataElement,ENUM
BloatedClass,org.apache.commons.collections4.bidimap.TreeBidiMap$1,SINGLETON
PreservedClass,org.apache.commons.collections4.bidimap.UnmodifiableBidiMap,CONSTANT
BloatedClass,org.apache.commons.collections4.bidimap.AbstractSortedBidiMapDecorator,CLASS_ABSTRACT
BloatedClass,org.apache.commons.collections4.bidimap.TreeBidiMap$ViewIterator,CLASS_ABSTRACT
PreservedClass,org.apache.commons.collections4.bidimap.UnmodifiableOrderedBidiMap,CONSTANT
BloatedClass,org.apache.commons.collections4.bidimap.TreeBidiMap$ViewMapEntryIterator,SINGLETON
BloatedClass,org.apache.commons.collections4.bidimap.AbstractOrderedBidiMapDecorator,CLASS_ABSTRACT
BloatedClass,org.apache.commons.collections4.bidimap.TreeBidiMap$View,CLASS_ABSTRACT
BloatedClass,org.apache.commons.collections4.bidimap.AbstractDualBidiMap$MapEntry,SINGLETON
BloatedClass,org.apache.commons.collections4.bidimap.TreeBidiMap$ViewMapIterator,SINGLETON
BloatedClass,org.apache.commons.collections4.bidimap.TreeBidiMap$InverseViewMapEntryIterator,SINGLETON
BloatedClass,org.apache.commons.collections4.bidimap.TreeBidiMap$InverseEntryView,SINGLETON
BloatedClass,org.apache.commons.collections4.bidimap.AbstractDualBidiMap$Values,SINGLETON
BloatedClass,org.apache.commons.collections4.bidimap.TreeBidiMap$InverseViewMapIterator,CLASS
BloatedClass,org.apache.commons.collections4.bidimap.TreeBidiMap$KeyView,CLASS
BloatedClass,org.apache.commons.collections4.bidimap.AbstractDualBidiMap$View,CLASS_ABSTRACT
BloatedClass,org.apache.commons.collections4.IterableUtils$8,SINGLETON
BloatedClass,org.apache.commons.collections4.MultiSetUtils,SINGLETON
BloatedClass,org.apache.commons.collections4.IterableUtils$2,SINGLETON
BloatedClass,org.apache.commons.collections4.splitmap.AbstractIterableGetMapDecorator,CLASS
BloatedClass,org.apache.commons.collections4.splitmap.TransformedSplitMap,SINGLETON
PreservedClass,org.apache.commons.collections4.IterableUtils$UnmodifiableIterable,CONSTANT
BloatedClass,org.apache.commons.collections4.FactoryUtils,SINGLETON
BloatedClass,org.apache.commons.collections4.IterableUtils$2$1,SINGLETON
PreservedClass,org.apache.commons.collections4.functors.NonePredicate,CONSTANT
BloatedClass,org.apache.commons.collections4.functors.ComparatorPredicate$1,SINGLETON
PreservedClass,org.apache.commons.collections4.functors.NOPClosure,CONSTANT
PreservedClass,org.apache.commons.collections4.functors.TruePredicate,CONSTANT
PreservedClass,org.apache.commons.collections4.functors.NotPredicate,CONSTANT
PreservedClass,org.apache.commons.collections4.functors.AnyPredicate,CONSTANT
BloatedClass,org.apache.commons.collections4.functors.ChainedTransformer,CLASS
PreservedClass,org.apache.commons.collections4.functors.InstanceofPredicate,CONSTANT
PreservedClass,org.apache.commons.collections4.functors.OrPredicate,CONSTANT
BloatedClass,org.apache.commons.collections4.functors.IfClosure,CLASS
PreservedClass,org.apache.commons.collections4.functors.NotNullPredicate,CONSTANT
BloatedClass,org.apache.commons.collections4.functors.InstantiateTransformer,CLASS
PreservedClass,org.apache.commons.collections4.functors.UniquePredicate,CONSTANT
BloatedClass,org.apache.commons.collections4.functors.InvokerTransformer,CLASS
PreservedClass,org.apache.commons.collections4.functors.ExceptionTransformer,CONSTANT
BloatedClass,org.apache.commons.collections4.functors.ClosureTransformer,CLASS
PreservedClass,org.apache.commons.collections4.functors.NullIsFalsePredicate,CONSTANT
PreservedClass,org.apache.commons.collections4.functors.TransformedPredicate,CONSTANT
BloatedClass,org.apache.commons.collections4.functors.InstantiateFactory,CLASS
BloatedClass,org.apache.commons.collections4.functors.PrototypeFactory$PrototypeSerializationFactory,SINGLETON
BloatedClass,org.apache.commons.collections4.functors.SwitchClosure,CLASS
BloatedClass,org.apache.commons.collections4.functors.NOPTransformer,SINGLETON
PreservedClass,org.apache.commons.collections4.functors.PredicateDecorator,INTERFACE
PreservedClass,org.apache.commons.collections4.functors.ExceptionPredicate,CONSTANT
BloatedClass,org.apache.commons.collections4.functors.TransformerClosure,CLASS
BloatedClass,org.apache.commons.collections4.functors.IfTransformer,CLASS
BloatedClass,org.apache.commons.collections4.functors.CatchAndRethrowClosure,CLASS_ABSTRACT
PreservedClass,org.apache.commons.collections4.functors.AndPredicate,CONSTANT
BloatedClass,org.apache.commons.collections4.functors.PredicateTransformer,CLASS
PreservedClass,org.apache.commons.collections4.functors.AllPredicate,CONSTANT
BloatedClass,org.apache.commons.collections4.functors.FunctorUtils,SINGLETON
PreservedClass,org.apache.commons.collections4.functors.ExceptionClosure,CONSTANT
PreservedClass,org.apache.commons.collections4.functors.FalsePredicate,CONSTANT
BloatedClass,org.apache.commons.collections4.functors.PrototypeFactory,SINGLETON
PreservedClass,org.apache.commons.collections4.functors.EqualPredicate,CONSTANT
BloatedClass,org.apache.commons.collections4.functors.ChainedClosure,CLASS
PreservedClass,org.apache.commons.collections4.functors.ExceptionFactory,CONSTANT
PreservedClass,org.apache.commons.collections4.functors.StringValueTransformer,CONSTANT
BloatedClass,org.apache.commons.collections4.functors.AbstractQuantifierPredicate,CLASS_ABSTRACT
PreservedClass,org.apache.commons.collections4.functors.MapTransformer,CONSTANT
PreservedClass,org.apache.commons.collections4.functors.TransformerPredicate,CONSTANT
BloatedClass,org.apache.commons.collections4.functors.WhileClosure,CLASS
BloatedClass,org.apache.commons.collections4.functors.DefaultEquator,SINGLETON
PreservedClass,org.apache.commons.collections4.functors.NullPredicate,CONSTANT
BloatedClass,org.apache.commons.collections4.functors.ConstantFactory,CLASS
PreservedClass,org.apache.commons.collections4.functors.ComparatorPredicate$Criterion,ENUM
BloatedClass,org.apache.commons.collections4.functors.PrototypeFactory$1,SINGLETON
BloatedClass,org.apache.commons.collections4.functors.CloneTransformer,SINGLETON
BloatedClass,org.apache.commons.collections4.functors.FactoryTransformer,CLASS
BloatedClass,org.apache.commons.collections4.functors.PrototypeFactory$PrototypeCloneFactory,SINGLETON
BloatedClass,org.apache.commons.collections4.functors.ComparatorPredicate,CLASS
PreservedClass,org.apache.commons.collections4.functors.NullIsExceptionPredicate,CONSTANT
PreservedClass,org.apache.commons.collections4.functors.IdentityPredicate,CONSTANT
BloatedClass,org.apache.commons.collections4.functors.SwitchTransformer,CLASS
PreservedClass,org.apache.commons.collections4.functors.OnePredicate,CONSTANT
BloatedClass,org.apache.commons.collections4.functors.ForClosure,CLASS
PreservedClass,org.apache.commons.collections4.functors.NullIsTruePredicate,CONSTANT
BloatedClass,org.apache.commons.collections4.functors.ConstantTransformer,CLASS
PreservedClass,org.apache.commons.collections4.OrderedIterator,INTERFACE
BloatedClass,org.apache.commons.collections4.QueueUtils,SINGLETON
BloatedClass,org.apache.commons.collections4.SplitMapUtils$1,SINGLETON
PreservedClass,org.apache.commons.collections4.IterableMap,INTERFACE
BloatedClass,org.apache.commons.collections4.IterableUtils$1,SINGLETON
PreservedClass,org.apache.commons.collections4.MultiSet$Entry,INTERFACE
BloatedClass,org.apache.commons.collections4.IteratorUtils,SINGLETON
PreservedClass,org.apache.commons.collections4.IterableGet,INTERFACE
PreservedClass,org.apache.commons.collections4.SortedBidiMap,INTERFACE
BloatedClass,org.apache.commons.collections4.bag.TransformedSortedBag,SINGLETON
BloatedClass,org.apache.commons.collections4.bag.TreeBag,CLASS
PreservedClass,org.apache.commons.collections4.bag.CollectionBag,CONSTANT
BloatedClass,org.apache.commons.collections4.bag.AbstractSortedBagDecorator,CLASS_ABSTRACT
BloatedClass,org.apache.commons.collections4.bag.AbstractMapBag$BagIterator,CLASS
BloatedClass,org.apache.commons.collections4.bag.AbstractBagDecorator,CLASS_ABSTRACT
BloatedClass,org.apache.commons.collections4.bag.PredicatedBag,SINGLETON
PreservedClass,org.apache.commons.collections4.bag.CollectionSortedBag,CONSTANT
BloatedClass,org.apache.commons.collections4.bag.TransformedBag,SINGLETON
PreservedClass,org.apache.commons.collections4.bag.UnmodifiableSortedBag,CONSTANT
UsedClass,org.apache.commons.collections4.bag.HashBag,CLASS
UsedClass,org.apache.commons.collections4.bag.AbstractMapBag,CLASS_ABSTRACT
UsedClass,org.apache.commons.collections4.bag.AbstractMapBag$MutableInteger,SINGLETON
BloatedClass,org.apache.commons.collections4.bag.SynchronizedSortedBag,SINGLETON
BloatedClass,org.apache.commons.collections4.bag.SynchronizedBag$SynchronizedBagSet,SINGLETON
BloatedClass,org.apache.commons.collections4.bag.SynchronizedBag,SINGLETON
BloatedClass,org.apache.commons.collections4.bag.PredicatedSortedBag,SINGLETON
PreservedClass,org.apache.commons.collections4.bag.UnmodifiableBag,CONSTANT
PreservedClass,org.apache.commons.collections4.ListUtils$CharSequenceAsList,CONSTANT
PreservedClass,org.apache.commons.collections4.comparators.FixedOrderComparator$UnknownObjectBehavior,ENUM
BloatedClass,org.apache.commons.collections4.comparators.FixedOrderComparator$1,SINGLETON
BloatedClass,org.apache.commons.collections4.comparators.ComparatorChain,CLASS
PreservedClass,org.apache.commons.collections4.comparators.BooleanComparator,CONSTANT
BloatedClass,org.apache.commons.collections4.comparators.ReverseComparator,CLASS
BloatedClass,org.apache.commons.collections4.comparators.NullComparator,CLASS
BloatedClass,org.apache.commons.collections4.comparators.ComparableComparator,CLASS
BloatedClass,org.apache.commons.collections4.comparators.FixedOrderComparator,CLASS
BloatedClass,org.apache.commons.collections4.comparators.TransformingComparator,CLASS
BloatedClass,org.apache.commons.collections4.FluentIterable,SINGLETON
BloatedClass,org.apache.commons.collections4.CollectionUtils$3,SINGLETON
BloatedClass,org.apache.commons.collections4.SetUtils$SetView,CLASS_ABSTRACT
BloatedClass,org.apache.commons.collections4.IterableUtils$12,SINGLETON
PreservedClass,org.apache.commons.collections4.OrderedMap,INTERFACE
BloatedClass,org.apache.commons.collections4.MultiMapUtils,SINGLETON
PreservedClass,org.apache.commons.collections4.MultiMap,INTERFACE
BloatedClass,org.apache.commons.collections4.SplitMapUtils$WrappedGet,SINGLETON
PreservedClass,org.apache.commons.collections4.OrderedBidiMap,INTERFACE
BloatedClass,org.apache.commons.collections4.map.MultiKeyMap,CLASS
BloatedClass,org.apache.commons.collections4.map.ListOrderedMap$ListOrderedMapEntry,SINGLETON
BloatedClass,org.apache.commons.collections4.map.AbstractLinkedMap$LinkEntry,SINGLETON
BloatedClass,org.apache.commons.collections4.map.ListOrderedMap$ListOrderedIterator,SINGLETON
BloatedClass,org.apache.commons.collections4.map.AbstractHashedMap,SINGLETON
BloatedClass,org.apache.commons.collections4.map.AbstractReferenceMap$ReferenceValues,SINGLETON
BloatedClass,org.apache.commons.collections4.map.ReferenceMap,CLASS
BloatedClass,org.apache.commons.collections4.map.SingletonMap,CLASS
BloatedClass,org.apache.commons.collections4.map.UnmodifiableEntrySet$UnmodifiableEntry,SINGLETON
BloatedClass,org.apache.commons.collections4.map.StaticBucketMap$1,SINGLETON
PreservedClass,org.apache.commons.collections4.map.AbstractReferenceMap$ReferenceStrength,ENUM
BloatedClass,org.apache.commons.collections4.map.ListOrderedMap$ListOrderedMapIterator,SINGLETON
BloatedClass,org.apache.commons.collections4.map.MultiValueMap$1$1,SINGLETON
BloatedClass,org.apache.commons.collections4.map.AbstractLinkedMap$KeySetIterator,SINGLETON
BloatedClass,org.apache.commons.collections4.map.AbstractReferenceMap$ReferenceBaseIterator,CLASS
BloatedClass,org.apache.commons.collections4.map.StaticBucketMap$EntryIterator,SINGLETON
BloatedClass,org.apache.commons.collections4.map.ListOrderedMap,CLASS
PreservedClass,org.apache.commons.collections4.map.UnmodifiableEntrySet,CONSTANT
BloatedClass,org.apache.commons.collections4.map.AbstractReferenceMap$WeakRef,CLASS
BloatedClass,org.apache.commons.collections4.map.AbstractLinkedMap$EntrySetIterator,SINGLETON
BloatedClass,org.apache.commons.collections4.map.LazyMap,SINGLETON
BloatedClass,org.apache.commons.collections4.map.StaticBucketMap$KeySet,SINGLETON
BloatedClass,org.apache.commons.collections4.map.AbstractInputCheckedMapDecorator,CLASS_ABSTRACT
BloatedClass,org.apache.commons.collections4.map.LinkedMap,CLASS
BloatedClass,org.apache.commons.collections4.map.PredicatedMap,SINGLETON
BloatedClass,org.apache.commons.collections4.map.AbstractLinkedMap$LinkMapIterator,SINGLETON
PreservedClass,org.apache.commons.collections4.map.CompositeMap$MapMutator,INTERFACE
BloatedClass,org.apache.commons.collections4.map.PassiveExpiringMap$ConstantTimeToLiveExpirationPolicy,CLASS
BloatedClass,org.apache.commons.collections4.map.StaticBucketMap$EntrySet,SINGLETON
BloatedClass,org.apache.commons.collections4.map.AbstractHashedMap$KeySet,SINGLETON
BloatedClass,org.apache.commons.collections4.map.AbstractReferenceMap$ReferenceEntry,CLASS
BloatedClass,org.apache.commons.collections4.map.Flat3Map$EntrySet,SINGLETON
BloatedClass,org.apache.commons.collections4.map.LinkedMap$LinkedMapList,SINGLETON
BloatedClass,org.apache.commons.collections4.map.CompositeMap,CLASS
BloatedClass,org.apache.commons.collections4.map.UnmodifiableEntrySet$UnmodifiableEntrySetIterator,SINGLETON
BloatedClass,org.apache.commons.collections4.map.AbstractHashedMap$Values,SINGLETON
BloatedClass,org.apache.commons.collections4.map.AbstractLinkedMap$LinkIterator,CLASS_ABSTRACT
BloatedClass,org.apache.commons.collections4.map.AbstractInputCheckedMapDecorator$EntrySet,SINGLETON
BloatedClass,org.apache.commons.collections4.map.MultiValueMap$ReflectionFactory,CLASS
BloatedClass,org.apache.commons.collections4.map.Flat3Map$KeySetIterator,SINGLETON
BloatedClass,org.apache.commons.collections4.map.DefaultedMap,CLASS
BloatedClass,org.apache.commons.collections4.map.PredicatedSortedMap,SINGLETON
BloatedClass,org.apache.commons.collections4.map.LazySortedMap,SINGLETON
BloatedClass,org.apache.commons.collections4.map.Flat3Map$KeySet,SINGLETON
BloatedClass,org.apache.commons.collections4.map.ListOrderedMap$EntrySetView,CLASS
BloatedClass,org.apache.commons.collections4.map.ListOrderedMap$KeySetView$1,SINGLETON
BloatedClass,org.apache.commons.collections4.map.Flat3Map$Values,SINGLETON
BloatedClass,org.apache.commons.collections4.map.AbstractInputCheckedMapDecorator$MapEntry,SINGLETON
BloatedClass,org.apache.commons.collections4.map.AbstractIterableMap,CLASS_ABSTRACT
BloatedClass,org.apache.commons.collections4.map.FixedSizeMap,SINGLETON
BloatedClass,org.apache.commons.collections4.map.AbstractSortedMapDecorator$SortedMapIterator,SINGLETON
BloatedClass,org.apache.commons.collections4.map.Flat3Map$FlatMapIterator,SINGLETON
BloatedClass,org.apache.commons.collections4.map.SingletonMap$SingletonValues,SINGLETON
PreservedClass,org.apache.commons.collections4.map.UnmodifiableMap,CONSTANT
BloatedClass,org.apache.commons.collections4.map.HashedMap,CLASS
BloatedClass,org.apache.commons.collections4.map.PassiveExpiringMap,CLASS
BloatedClass,org.apache.commons.collections4.map.ListOrderedMap$ValuesView,SINGLETON
BloatedClass,org.apache.commons.collections4.map.ReferenceIdentityMap,CLASS
BloatedClass,org.apache.commons.collections4.map.Flat3Map$FlatMapEntry,CLASS
BloatedClass,org.apache.commons.collections4.map.AbstractReferenceMap$ReferenceEntrySetIterator,CLASS
BloatedClass,org.apache.commons.collections4.map.AbstractHashedMap$HashEntry,SINGLETON
BloatedClass,org.apache.commons.collections4.map.AbstractHashedMap$KeySetIterator,SINGLETON
BloatedClass,org.apache.commons.collections4.map.TransformedMap,SINGLETON
BloatedClass,org.apache.commons.collections4.map.AbstractReferenceMap$SoftRef,CLASS
BloatedClass,org.apache.commons.collections4.map.Flat3Map$EntryIterator,CLASS_ABSTRACT
PreservedClass,org.apache.commons.collections4.map.StaticBucketMap$Node,CONSTANT
BloatedClass,org.apache.commons.collections4.map.LRUMap,CLASS
BloatedClass,org.apache.commons.collections4.map.Flat3Map$EntrySetIterator,SINGLETON
PreservedClass,org.apache.commons.collections4.map.PassiveExpiringMap$ExpirationPolicy,INTERFACE
BloatedClass,org.apache.commons.collections4.map.ListOrderedMap$ValuesView$1,SINGLETON
BloatedClass,org.apache.commons.collections4.map.AbstractHashedMap$ValuesIterator,SINGLETON
BloatedClass,org.apache.commons.collections4.map.StaticBucketMap$KeyIterator,SINGLETON
PreservedClass,org.apache.commons.collections4.map.StaticBucketMap$Lock,CONSTANT
PreservedClass,org.apache.commons.collections4.map.UnmodifiableOrderedMap,CONSTANT
BloatedClass,org.apache.commons.collections4.map.AbstractReferenceMap$ReferenceKeySetIterator,SINGLETON
BloatedClass,org.apache.commons.collections4.map.AbstractReferenceMap$ReferenceMapIterator,SINGLETON
BloatedClass,org.apache.commons.collections4.map.AbstractHashedMap$EntrySetIterator,SINGLETON
PreservedClass,org.apache.commons.collections4.map.StaticBucketMap,CONSTANT
BloatedClass,org.apache.commons.collections4.map.MultiValueMap$ValuesIterator,CLASS
BloatedClass,org.apache.commons.collections4.map.MultiValueMap$1,SINGLETON
BloatedClass,org.apache.commons.collections4.map.StaticBucketMap$ValueIterator,SINGLETON
BloatedClass,org.apache.commons.collections4.map.AbstractSortedMapDecorator,CLASS_ABSTRACT
BloatedClass,org.apache.commons.collections4.map.AbstractMapDecorator,CLASS_ABSTRACT
BloatedClass,org.apache.commons.collections4.map.AbstractReferenceMap$ReferenceValuesIterator,SINGLETON
BloatedClass,org.apache.commons.collections4.map.AbstractReferenceMap,CLASS_ABSTRACT
BloatedClass,org.apache.commons.collections4.map.AbstractHashedMap$EntrySet,SINGLETON
BloatedClass,org.apache.commons.collections4.map.CaseInsensitiveMap,CLASS
BloatedClass,org.apache.commons.collections4.map.EntrySetToMapIteratorAdapter,CLASS
BloatedClass,org.apache.commons.collections4.map.AbstractLinkedMap,CLASS_ABSTRACT
BloatedClass,org.apache.commons.collections4.map.MultiValueMap$1$1$1,SINGLETON
BloatedClass,org.apache.commons.collections4.map.AbstractHashedMap$HashMapIterator,SINGLETON
BloatedClass,org.apache.commons.collections4.map.MultiValueMap,CLASS
BloatedClass,org.apache.commons.collections4.map.FixedSizeSortedMap,SINGLETON
BloatedClass,org.apache.commons.collections4.map.MultiValueMap$Values,SINGLETON
BloatedClass,org.apache.commons.collections4.map.AbstractReferenceMap$ReferenceKeySet,SINGLETON
BloatedClass,org.apache.commons.collections4.map.SingletonMap$SingletonMapIterator,SINGLETON
BloatedClass,org.apache.commons.collections4.map.Flat3Map$ValuesIterator,SINGLETON
BloatedClass,org.apache.commons.collections4.map.AbstractReferenceMap$ReferenceEntrySet,SINGLETON
BloatedClass,org.apache.commons.collections4.map.AbstractOrderedMapDecorator,CLASS_ABSTRACT
BloatedClass,org.apache.commons.collections4.map.AbstractInputCheckedMapDecorator$EntrySetIterator,SINGLETON
BloatedClass,org.apache.commons.collections4.map.AbstractLinkedMap$ValuesIterator,SINGLETON
PreservedClass,org.apache.commons.collections4.map.UnmodifiableSortedMap,CONSTANT
BloatedClass,org.apache.commons.collections4.map.StaticBucketMap$BaseIterator,SINGLETON
BloatedClass,org.apache.commons.collections4.map.StaticBucketMap$Values,SINGLETON
BloatedClass,org.apache.commons.collections4.map.ListOrderedMap$KeySetView,SINGLETON
BloatedClass,org.apache.commons.collections4.map.TransformedSortedMap,SINGLETON
BloatedClass,org.apache.commons.collections4.map.Flat3Map,CLASS
BloatedClass,org.apache.commons.collections4.map.AbstractHashedMap$HashIterator,CLASS_ABSTRACT
PreservedClass,org.apache.commons.collections4.Predicate,INTERFACE
BloatedClass,org.apache.commons.collections4.CollectionUtils,SINGLETON
PreservedClass,org.apache.commons.collections4.BoundedMap,INTERFACE
PreservedClass,org.apache.commons.collections4.OrderedMapIterator,INTERFACE
PreservedClass,org.apache.commons.collections4.Put,INTERFACE
PreservedClass,org.apache.commons.collections4.Closure,INTERFACE
BloatedClass,org.apache.commons.collections4.IterableUtils$7,SINGLETON
BloatedClass,org.apache.commons.collections4.CollectionUtils$SetOperationCardinalityHelper,CLASS
BloatedClass,org.apache.commons.collections4.IterableUtils,CLASS
BloatedClass,org.apache.commons.collections4.SetUtils$6,SINGLETON
PreservedClass,org.apache.commons.collections4.BidiMap,INTERFACE
BloatedClass,org.apache.commons.collections4.CollectionUtils$2,SINGLETON
PreservedClass,org.apache.commons.collections4.collection.CompositeCollection$CollectionMutator,INTERFACE
BloatedClass,org.apache.commons.collections4.collection.PredicatedCollection$Builder,CLASS
PreservedClass,org.apache.commons.collections4.collection.UnmodifiableCollection,CONSTANT
BloatedClass,org.apache.commons.collections4.collection.PredicatedCollection,SINGLETON
BloatedClass,org.apache.commons.collections4.collection.SynchronizedCollection,SINGLETON
BloatedClass,org.apache.commons.collections4.collection.CompositeCollection,CLASS
PreservedClass,org.apache.commons.collections4.collection.UnmodifiableBoundedCollection,CONSTANT
BloatedClass,org.apache.commons.collections4.collection.TransformedCollection,SINGLETON
UsedClass,org.apache.commons.collections4.collection.AbstractCollectionDecorator,CLASS_ABSTRACT
BloatedClass,org.apache.commons.collections4.collection.IndexedCollection,CLASS
BloatedClass,org.apache.commons.collections4.ListUtils$Partition,SINGLETON
PreservedClass,org.apache.commons.collections4.ListValuedMap,INTERFACE
BloatedClass,org.apache.commons.collections4.ArrayStack,CLASS
PreservedClass,org.apache.commons.collections4.ResettableIterator,INTERFACE
PreservedClass,org.apache.commons.collections4.SetValuedMap,INTERFACE
PreservedClass,org.apache.commons.collections4.Trie,INTERFACE
BloatedClass,org.apache.commons.collections4.EnumerationUtils,SINGLETON
BloatedClass,org.apache.commons.collections4.SetUtils$1,SINGLETON
BloatedClass,org.apache.commons.collections4.SplitMapUtils$WrappedPut,SINGLETON
BloatedClass,org.apache.commons.collections4.iterators.AbstractUntypedIteratorDecorator,CLASS_ABSTRACT
BloatedClass,org.apache.commons.collections4.iterators.EmptyIterator,SINGLETON
PreservedClass,org.apache.commons.collections4.iterators.UnmodifiableListIterator,CONSTANT
BloatedClass,org.apache.commons.collections4.iterators.IteratorEnumeration,CLASS
BloatedClass,org.apache.commons.collections4.iterators.AbstractListIteratorDecorator,CLASS
PreservedClass,org.apache.commons.collections4.iterators.UnmodifiableMapIterator,CONSTANT
BloatedClass,org.apache.commons.collections4.iterators.PeekingIterator,CLASS
BloatedClass,org.apache.commons.collections4.iterators.ObjectGraphIterator,CLASS
BloatedClass,org.apache.commons.collections4.iterators.EmptyListIterator,SINGLETON
BloatedClass,org.apache.commons.collections4.iterators.EmptyOrderedMapIterator,SINGLETON
BloatedClass,org.apache.commons.collections4.iterators.IteratorIterable,CLASS
BloatedClass,org.apache.commons.collections4.iterators.TransformIterator,CLASS
BloatedClass,org.apache.commons.collections4.iterators.EmptyOrderedIterator,SINGLETON
BloatedClass,org.apache.commons.collections4.iterators.ObjectArrayIterator,CLASS
BloatedClass,org.apache.commons.collections4.iterators.ReverseListIterator,CLASS
BloatedClass,org.apache.commons.collections4.iterators.PushbackIterator,CLASS
BloatedClass,org.apache.commons.collections4.iterators.AbstractIteratorDecorator,CLASS_ABSTRACT
BloatedClass,org.apache.commons.collections4.iterators.PermutationIterator,CLASS
BloatedClass,org.apache.commons.collections4.iterators.CollatingIterator,CLASS
BloatedClass,org.apache.commons.collections4.iterators.LazyIteratorChain,CLASS_ABSTRACT
BloatedClass,org.apache.commons.collections4.iterators.FilterListIterator,CLASS
BloatedClass,org.apache.commons.collections4.iterators.ObjectArrayListIterator,CLASS
BloatedClass,org.apache.commons.collections4.iterators.IteratorIterable$1,SINGLETON
BloatedClass,org.apache.commons.collections4.iterators.ArrayListIterator,CLASS
BloatedClass,org.apache.commons.collections4.iterators.FilterIterator,CLASS
BloatedClass,org.apache.commons.collections4.iterators.IteratorChain,CLASS
BloatedClass,org.apache.commons.collections4.iterators.NodeListIterator,CLASS
BloatedClass,org.apache.commons.collections4.iterators.LoopingIterator,CLASS
BloatedClass,org.apache.commons.collections4.iterators.ArrayIterator,CLASS
PreservedClass,org.apache.commons.collections4.iterators.UnmodifiableIterator,CONSTANT
BloatedClass,org.apache.commons.collections4.iterators.LoopingListIterator,CLASS
PreservedClass,org.apache.commons.collections4.iterators.UnmodifiableOrderedMapIterator,CONSTANT
BloatedClass,org.apache.commons.collections4.iterators.SingletonListIterator,CLASS
BloatedClass,org.apache.commons.collections4.iterators.ZippingIterator,CLASS
BloatedClass,org.apache.commons.collections4.iterators.BoundedIterator,CLASS
BloatedClass,org.apache.commons.collections4.iterators.AbstractOrderedMapIteratorDecorator,CLASS
BloatedClass,org.apache.commons.collections4.iterators.UniqueFilterIterator,CLASS
BloatedClass,org.apache.commons.collections4.iterators.AbstractEmptyMapIterator,CLASS_ABSTRACT
BloatedClass,org.apache.commons.collections4.iterators.AbstractMapIteratorDecorator,CLASS
BloatedClass,org.apache.commons.collections4.iterators.EmptyMapIterator,SINGLETON
BloatedClass,org.apache.commons.collections4.iterators.AbstractEmptyIterator,CLASS_ABSTRACT
BloatedClass,org.apache.commons.collections4.iterators.EnumerationIterator,CLASS
BloatedClass,org.apache.commons.collections4.iterators.ListIteratorWrapper,CLASS
BloatedClass,org.apache.commons.collections4.iterators.SkippingIterator,CLASS
BloatedClass,org.apache.commons.collections4.iterators.SingletonIterator,CLASS
BloatedClass,org.apache.commons.collections4.iterators.EntrySetMapIterator,CLASS
PreservedClass,org.apache.commons.collections4.KeyValue,INTERFACE
PreservedClass,org.apache.commons.collections4.MapIterator,INTERFACE
BloatedClass,org.apache.commons.collections4.multimap.AbstractSetValuedMap,CLASS_ABSTRACT
BloatedClass,org.apache.commons.collections4.multimap.AbstractMultiValuedMap,CLASS_ABSTRACT
BloatedClass,org.apache.commons.collections4.multimap.AbstractSetValuedMap$WrappedSet,CLASS
BloatedClass,org.apache.commons.collections4.multimap.AbstractMultiValuedMapDecorator,CLASS_ABSTRACT
BloatedClass,org.apache.commons.collections4.multimap.AbstractMultiValuedMap$EntryValues,SINGLETON
BloatedClass,org.apache.commons.collections4.multimap.AbstractMultiValuedMap$WrappedCollection,CLASS
BloatedClass,org.apache.commons.collections4.multimap.AbstractMultiValuedMap$1,SINGLETON
BloatedClass,org.apache.commons.collections4.multimap.AbstractMultiValuedMap$Values,SINGLETON
BloatedClass,org.apache.commons.collections4.multimap.AbstractMultiValuedMap$AsMap$AsMapEntrySet,SINGLETON
BloatedClass,org.apache.commons.collections4.multimap.AbstractMultiValuedMap$AsMap$AsMapEntrySetIterator,UNKNOWN
BloatedClass,org.apache.commons.collections4.multimap.HashSetValuedHashMap,CLASS
BloatedClass,org.apache.commons.collections4.multimap.AbstractMultiValuedMap$KeysMultiSet$MapEntryTransformer$1,SINGLETON
BloatedClass,org.apache.commons.collections4.multimap.AbstractMultiValuedMap$ValuesIterator,CLASS
PreservedClass,org.apache.commons.collections4.multimap.AbstractMultiValuedMap$KeysMultiSet$MapEntryTransformer,CONSTANT
PreservedClass,org.apache.commons.collections4.multimap.UnmodifiableMultiValuedMap,CONSTANT
BloatedClass,org.apache.commons.collections4.multimap.AbstractMultiValuedMap$EntryValues$1$1,SINGLETON
BloatedClass,org.apache.commons.collections4.multimap.ArrayListValuedHashMap,CLASS
BloatedClass,org.apache.commons.collections4.multimap.AbstractListValuedMap,CLASS_ABSTRACT
BloatedClass,org.apache.commons.collections4.multimap.AbstractMultiValuedMap$KeysMultiSet,SINGLETON
BloatedClass,org.apache.commons.collections4.multimap.TransformedMultiValuedMap,SINGLETON
BloatedClass,org.apache.commons.collections4.multimap.AbstractMultiValuedMap$MultiValuedMapEntry,CLASS
BloatedClass,org.apache.commons.collections4.multimap.AbstractListValuedMap$WrappedList,CLASS
BloatedClass,org.apache.commons.collections4.multimap.AbstractMultiValuedMap$AsMap,SINGLETON
BloatedClass,org.apache.commons.collections4.multimap.AbstractMultiValuedMap$MultiValuedMapIterator,CLASS
BloatedClass,org.apache.commons.collections4.multimap.AbstractListValuedMap$ValuesListIterator,CLASS
BloatedClass,org.apache.commons.collections4.multimap.AbstractMultiValuedMap$EntryValues$1,UNKNOWN
BloatedClass,org.apache.commons.collections4.trie.KeyAnalyzer,CLASS_ABSTRACT
BloatedClass,org.apache.commons.collections4.trie.AbstractPatriciaTrie$RangeEntryMap,SINGLETON
BloatedClass,org.apache.commons.collections4.trie.AbstractPatriciaTrie$Values,SINGLETON
BloatedClass,org.apache.commons.collections4.trie.AbstractPatriciaTrie$TrieMapIterator,SINGLETON
BloatedClass,org.apache.commons.collections4.trie.AbstractPatriciaTrie$EntrySet$EntryIterator,SINGLETON
BloatedClass,org.apache.commons.collections4.trie.AbstractPatriciaTrie$RangeMap,CLASS_ABSTRACT
BloatedClass,org.apache.commons.collections4.trie.AbstractPatriciaTrie,CLASS_ABSTRACT
BloatedClass,org.apache.commons.collections4.trie.AbstractPatriciaTrie$Reference,SINGLETON
BloatedClass,org.apache.commons.collections4.trie.PatriciaTrie,CLASS
BloatedClass,org.apache.commons.collections4.trie.AbstractPatriciaTrie$PrefixRangeMap,SINGLETON
BloatedClass,org.apache.commons.collections4.trie.AbstractPatriciaTrie$Values$ValueIterator,SINGLETON
BloatedClass,org.apache.commons.collections4.trie.AbstractBitwiseTrie$BasicEntry,CLASS_ABSTRACT
BloatedClass,org.apache.commons.collections4.trie.AbstractPatriciaTrie$1,SINGLETON
PreservedClass,org.apache.commons.collections4.trie.AbstractPatriciaTrie$RangeEntrySet$EntryIterator,CONSTANT
BloatedClass,org.apache.commons.collections4.trie.UnmodifiableTrie,CLASS
PreservedClass,org.apache.commons.collections4.trie.AbstractPatriciaTrie$PrefixRangeEntrySet$SingletonIterator,CONSTANT
BloatedClass,org.apache.commons.collections4.trie.AbstractPatriciaTrie$EntrySet,SINGLETON
BloatedClass,org.apache.commons.collections4.trie.AbstractBitwiseTrie,CLASS_ABSTRACT
BloatedClass,org.apache.commons.collections4.trie.AbstractPatriciaTrie$KeySet$KeyIterator,SINGLETON
BloatedClass,org.apache.commons.collections4.trie.analyzer.StringKeyAnalyzer,UNKNOWN
BloatedClass,org.apache.commons.collections4.trie.AbstractPatriciaTrie$TrieIterator,CLASS_ABSTRACT
BloatedClass,org.apache.commons.collections4.trie.AbstractPatriciaTrie$RangeEntrySet,CLASS
PreservedClass,org.apache.commons.collections4.trie.AbstractPatriciaTrie$PrefixRangeEntrySet$EntryIterator,CONSTANT
BloatedClass,org.apache.commons.collections4.trie.AbstractPatriciaTrie$KeySet,SINGLETON
BloatedClass,org.apache.commons.collections4.trie.AbstractPatriciaTrie$TrieEntry,CLASS
PreservedClass,org.apache.commons.collections4.trie.AbstractPatriciaTrie$PrefixRangeEntrySet,CONSTANT
PreservedClass,org.apache.commons.collections4.MultiSet,INTERFACE
BloatedClass,org.apache.commons.collections4.SetUtils$2,SINGLETON
BloatedClass,org.apache.commons.collections4.ListUtils$1,SINGLETON
BloatedClass,org.apache.commons.collections4.set.ListOrderedSet$OrderedSetIterator,UNKNOWN
PreservedClass,org.apache.commons.collections4.set.CompositeSet$SetMutator,INTERFACE
BloatedClass,org.apache.commons.collections4.set.AbstractNavigableSetDecorator,CLASS_ABSTRACT
UsedClass,org.apache.commons.collections4.set.AbstractSetDecorator,CLASS_ABSTRACT
BloatedClass,org.apache.commons.collections4.set.PredicatedNavigableSet,UNKNOWN
BloatedClass,org.apache.commons.collections4.set.ListOrderedSet,CLASS
BloatedClass,org.apache.commons.collections4.set.PredicatedSortedSet,UNKNOWN
PreservedClass,org.apache.commons.collections4.set.MapBackedSet,CONSTANT
UsedClass,org.apache.commons.collections4.set.AbstractSerializableSetDecorator,CLASS_ABSTRACT
BloatedClass,org.apache.commons.collections4.set.TransformedSortedSet,UNKNOWN
BloatedClass,org.apache.commons.collections4.set.AbstractSortedSetDecorator,CLASS_ABSTRACT
BloatedClass,org.apache.commons.collections4.set.PredicatedSet,UNKNOWN
UsedClass,org.apache.commons.collections4.set.UnmodifiableSet,CONSTANT
BloatedClass,org.apache.commons.collections4.set.ListOrderedSet$1,SINGLETON
BloatedClass,org.apache.commons.collections4.set.TransformedNavigableSet,UNKNOWN
BloatedClass,org.apache.commons.collections4.set.CompositeSet,CLASS
PreservedClass,org.apache.commons.collections4.set.UnmodifiableSortedSet,CONSTANT
PreservedClass,org.apache.commons.collections4.set.UnmodifiableNavigableSet,CONSTANT
BloatedClass,org.apache.commons.collections4.set.TransformedSet,UNKNOWN
PreservedClass,org.apache.commons.collections4.IterableSortedMap,INTERFACE
BloatedClass,org.apache.commons.collections4.BagUtils,SINGLETON
BloatedClass,org.apache.commons.collections4.SetUtils$5,SINGLETON
PreservedClass,org.apache.commons.collections4.BoundedCollection,INTERFACE
BloatedClass,org.apache.commons.collections4.IterableUtils$5,SINGLETON
BloatedClass,org.apache.commons.collections4.TransformerUtils,SINGLETON
PreservedClass,org.apache.commons.collections4.Factory,INTERFACE
BloatedClass,org.apache.commons.collections4.SplitMapUtils,SINGLETON
BloatedClass,org.apache.commons.collections4.IterableUtils$6,SINGLETON
BloatedClass,org.apache.commons.collections4.sequence.SequencesComparator$Snake,CLASS
PreservedClass,org.apache.commons.collections4.sequence.ReplacementsHandler,INTERFACE
BloatedClass,org.apache.commons.collections4.sequence.KeepCommand,CLASS
BloatedClass,org.apache.commons.collections4.sequence.DeleteCommand,CLASS
BloatedClass,org.apache.commons.collections4.sequence.EditScript,CLASS
BloatedClass,org.apache.commons.collections4.sequence.EditCommand,CLASS_ABSTRACT
PreservedClass,org.apache.commons.collections4.sequence.CommandVisitor,INTERFACE
BloatedClass,org.apache.commons.collections4.sequence.ReplacementsFinder,CLASS
BloatedClass,org.apache.commons.collections4.sequence.InsertCommand,CLASS
BloatedClass,org.apache.commons.collections4.sequence.SequencesComparator,CLASS
BloatedClass,org.apache.commons.collections4.IterableUtils$9,SINGLETON
PreservedClass,org.apache.commons.collections4.MultiValuedMap,INTERFACE
BloatedClass,org.apache.commons.collections4.list.FixedSizeList,SINGLETON
BloatedClass,org.apache.commons.collections4.list.AbstractLinkedList$LinkedSubList,SINGLETON
BloatedClass,org.apache.commons.collections4.list.GrowthList,CLASS
BloatedClass,org.apache.commons.collections4.list.FixedSizeList$FixedSizeListIterator,UNKNOWN
BloatedClass,org.apache.commons.collections4.list.SetUniqueList,SINGLETON
BloatedClass,org.apache.commons.collections4.list.AbstractListDecorator,CLASS_ABSTRACT
BloatedClass,org.apache.commons.collections4.list.PredicatedList,UNKNOWN
BloatedClass,org.apache.commons.collections4.list.CursorableLinkedList$Cursor,SINGLETON
BloatedClass,org.apache.commons.collections4.list.SetUniqueList$SetListListIterator,UNKNOWN
BloatedClass,org.apache.commons.collections4.list.TreeList$TreeListIterator,SINGLETON
BloatedClass,org.apache.commons.collections4.list.AbstractLinkedList$LinkedListIterator,SINGLETON
BloatedClass,org.apache.commons.collections4.list.TransformedList,UNKNOWN
BloatedClass,org.apache.commons.collections4.list.AbstractLinkedList,CLASS_ABSTRACT
BloatedClass,org.apache.commons.collections4.list.AbstractSerializableListDecorator,CLASS_ABSTRACT
BloatedClass,org.apache.commons.collections4.list.TransformedList$TransformedListIterator,UNKNOWN
BloatedClass,org.apache.commons.collections4.list.TreeList,CLASS
BloatedClass,org.apache.commons.collections4.list.NodeCachingLinkedList,CLASS
BloatedClass,org.apache.commons.collections4.list.LazyList,SINGLETON
PreservedClass,org.apache.commons.collections4.list.UnmodifiableList,CONSTANT
BloatedClass,org.apache.commons.collections4.list.TreeList$1,SINGLETON
BloatedClass,org.apache.commons.collections4.list.SetUniqueList$SetListIterator,UNKNOWN
BloatedClass,org.apache.commons.collections4.list.CursorableLinkedList$SubCursor,SINGLETON
BloatedClass,org.apache.commons.collections4.list.AbstractLinkedList$Node,SINGLETON
BloatedClass,org.apache.commons.collections4.list.AbstractLinkedList$LinkedSubListIterator,SINGLETON
BloatedClass,org.apache.commons.collections4.list.PredicatedList$PredicatedListIterator,UNKNOWN
BloatedClass,org.apache.commons.collections4.list.CursorableLinkedList,CLASS
BloatedClass,org.apache.commons.collections4.list.TreeList$AVLNode,SINGLETON
BloatedClass,org.apache.commons.collections4.CollectionUtils$CardinalityHelper,CLASS
PreservedClass,org.apache.commons.collections4.SortedBag,INTERFACE
PreservedClass,org.apache.commons.collections4.Get,INTERFACE
BloatedClass,org.apache.commons.collections4.IterableUtils$11,SINGLETON
BloatedClass,org.apache.commons.collections4.ArrayUtils,SINGLETON
BloatedClass,org.apache.commons.collections4.keyvalue.AbstractKeyValue,CLASS_ABSTRACT
BloatedClass,org.apache.commons.collections4.keyvalue.MultiKey,CLASS
BloatedClass,org.apache.commons.collections4.keyvalue.TiedMapEntry,CLASS
BloatedClass,org.apache.commons.collections4.keyvalue.AbstractMapEntryDecorator,CLASS_ABSTRACT
BloatedClass,org.apache.commons.collections4.keyvalue.AbstractMapEntry,CLASS_ABSTRACT
PreservedClass,org.apache.commons.collections4.keyvalue.UnmodifiableMapEntry,CONSTANT
BloatedClass,org.apache.commons.collections4.keyvalue.DefaultKeyValue,CLASS
PreservedClass,org.apache.commons.collections4.keyvalue.DefaultMapEntry,CONSTANT
BloatedClass,org.apache.commons.collections4.MapUtils,SINGLETON
PreservedClass,org.apache.commons.collections4.Transformer,INTERFACE
BloatedClass,org.apache.commons.collections4.MapUtils$1,UNKNOWN
BloatedClass,org.apache.commons.collections4.ClosureUtils,SINGLETON
BloatedClass,org.apache.commons.collections4.TrieUtils,SINGLETON
BloatedClass,org.apache.commons.collections4.IterableUtils$13,SINGLETON
BloatedClass,org.apache.commons.collections4.queue.CircularFifoQueue$1,SINGLETON
BloatedClass,org.apache.commons.collections4.queue.AbstractQueueDecorator,CLASS_ABSTRACT
BloatedClass,org.apache.commons.collections4.queue.PredicatedQueue,UNKNOWN
PreservedClass,org.apache.commons.collections4.queue.UnmodifiableQueue,CONSTANT
BloatedClass,org.apache.commons.collections4.queue.CircularFifoQueue,CLASS
BloatedClass,org.apache.commons.collections4.queue.TransformedQueue,UNKNOWN
BloatedClass,org.apache.commons.collections4.queue.SynchronizedQueue,UNKNOWN
BloatedClass,org.apache.commons.collections4.ListUtils,SINGLETON
PreservedClass,org.apache.commons.collections4.FunctorException,EXCEPTION
BloatedClass,org.apache.commons.collections4.CollectionUtils$1,SINGLETON
BloatedClass,org.apache.commons.collections4.MapUtils$2,UNKNOWN
BloatedClass,org.apache.commons.collections4.SetUtils$4,SINGLETON
BloatedClass,org.apache.commons.collections4.IterableUtils$3,SINGLETON
UsedClass,org.apache.commons.collections4.Unmodifiable,INTERFACE
PreservedClass,org.apache.commons.collections4.ResettableListIterator,INTERFACE
BloatedClass,org.apache.commons.collections4.properties.SortedProperties,CLASS
BloatedClass,org.apache.commons.collections4.SetUtils$3,SINGLETON
BloatedClass,org.apache.commons.collections4.IterableUtils$7$1,SINGLETON
BloatedClass,org.apache.commons.collections4.ComparatorUtils,SINGLETON
PreservedClass,org.apache.commons.collections4.Equator,INTERFACE
BloatedClass,org.apache.commons.collections4.PredicateUtils,SINGLETON
BloatedClass,org.apache.commons.collections4.IterableUtils$10,SINGLETON
UsedClass,org.apache.commons.collections4.Bag,INTERFACE
PreservedClass,org.apache.commons.collections4.ListUtils$LcsVisitor,CONSTANT
BloatedClass,org.apache.commons.collections4.IterableUtils$4,SINGLETON
BloatedClass,org.apache.commons.collections4.SetUtils,SINGLETON
BloatedClass,org.apache.commons.collections4.CollectionUtils$EquatorWrapper,CLASS
BloatedClass,org.apache.commons.collections4.multiset.AbstractMapMultiSet,CLASS_ABSTRACT
BloatedClass,org.apache.commons.collections4.multiset.AbstractMultiSet$AbstractEntry,CLASS_ABSTRACT
BloatedClass,org.apache.commons.collections4.multiset.AbstractMultiSetDecorator,CLASS_ABSTRACT
BloatedClass,org.apache.commons.collections4.multiset.AbstractMapMultiSet$MutableInteger,SINGLETON
BloatedClass,org.apache.commons.collections4.multiset.SynchronizedMultiSet,UNKNOWN
BloatedClass,org.apache.commons.collections4.multiset.AbstractMapMultiSet$UniqueSetIterator,UNKNOWN
BloatedClass,org.apache.commons.collections4.multiset.SynchronizedMultiSet$SynchronizedSet,UNKNOWN
BloatedClass,org.apache.commons.collections4.multiset.AbstractMultiSet$UniqueSet,SINGLETON
BloatedClass,org.apache.commons.collections4.multiset.AbstractMapMultiSet$MapBasedMultiSetIterator,CLASS
BloatedClass,org.apache.commons.collections4.multiset.AbstractMultiSet$MultiSetIterator,CLASS
PreservedClass,org.apache.commons.collections4.multiset.UnmodifiableMultiSet,CONSTANT
BloatedClass,org.apache.commons.collections4.multiset.AbstractMultiSet$1,SINGLETON
BloatedClass,org.apache.commons.collections4.multiset.HashMultiSet,CLASS
BloatedClass,org.apache.commons.collections4.multiset.AbstractMultiSet$EntrySet,SINGLETON
BloatedClass,org.apache.commons.collections4.multiset.AbstractMapMultiSet$EntrySetIterator,SINGLETON
BloatedClass,org.apache.commons.collections4.multiset.PredicatedMultiSet,UNKNOWN
BloatedClass,org.apache.commons.collections4.multiset.AbstractMapMultiSet$MultiSetEntry,SINGLETON
BloatedClass,org.apache.commons.collections4.multiset.AbstractMultiSet,CLASS_ABSTRACT
UsedClass,enums.CropState,ENUM
UsedMethod,enums.CropState:values()[Lenums/CropState;,UNKNOWN
UsedMethod,enums.CropState:valueOf(Ljava/lang/String;)Lenums/CropState;,UNKNOWN
UsedMethod,enums.CropState:<init>(Ljava/lang/String;II)V,UNKNOWN
UsedMethod,enums.CropState:getData()B,UNKNOWN
UsedMethod,enums.CropState:getByData(B)Lenums/CropState;,UNKNOWN
UsedMethod,enums.CropState:<clinit>()V,UNKNOWN
UsedMethod,bag.BagClass:<init>()V,UNKNOWN
UsedMethod,bag.BagClass:main()V,UNKNOWN
UsedMethod,org.apache.commons.collections4.set.UnmodifiableSet:unmodifiableSet(Ljava/util/Set;)Ljava/util/Set;,UNKNOWN
UsedMethod,org.apache.commons.collections4.set.UnmodifiableSet:<init>(Ljava/util/Set;)V,UNKNOWN
UsedMethod,org.apache.commons.collections4.set.UnmodifiableSet:iterator()Ljava/util/Iterator;,UNKNOWN
UsedMethod,org.apache.commons.collections4.set.UnmodifiableSet:add(Ljava/lang/Object;)Z,UNKNOWN
UsedMethod,org.apache.commons.collections4.set.UnmodifiableSet:addAll(Ljava/util/Collection;)Z,UNKNOWN
UsedMethod,org.apache.commons.collections4.set.UnmodifiableSet:clear()V,UNKNOWN
UsedMethod,org.apache.commons.collections4.set.UnmodifiableSet:remove(Ljava/lang/Object;)Z,UNKNOWN
UsedMethod,org.apache.commons.collections4.set.UnmodifiableSet:removeAll(Ljava/util/Collection;)Z,UNKNOWN
UsedMethod,org.apache.commons.collections4.set.UnmodifiableSet:retainAll(Ljava/util/Collection;)Z,UNKNOWN
UsedMethod,org.apache.commons.collections4.collection.AbstractCollectionDecorator:<init>()V,UNKNOWN
UsedMethod,org.apache.commons.collections4.collection.AbstractCollectionDecorator:<init>(Ljava/util/Collection;)V,UNKNOWN
UsedMethod,org.apache.commons.collections4.collection.AbstractCollectionDecorator:decorated()Ljava/util/Collection;,UNKNOWN
BloatedMethod,org.apache.commons.collections4.collection.AbstractCollectionDecorator:setCollection(Ljava/util/Collection;)V,UNKNOWN
UsedMethod,org.apache.commons.collections4.collection.AbstractCollectionDecorator:add(Ljava/lang/Object;)Z,UNKNOWN
UsedMethod,org.apache.commons.collections4.collection.AbstractCollectionDecorator:addAll(Ljava/util/Collection;)Z,UNKNOWN
BloatedMethod,org.apache.commons.collections4.collection.AbstractCollectionDecorator:clear()V,UNKNOWN
UsedMethod,org.apache.commons.collections4.collection.AbstractCollectionDecorator:contains(Ljava/lang/Object;)Z,UNKNOWN
UsedMethod,org.apache.commons.collections4.collection.AbstractCollectionDecorator:isEmpty()Z,UNKNOWN
UsedMethod,org.apache.commons.collections4.collection.AbstractCollectionDecorator:iterator()Ljava/util/Iterator;,UNKNOWN
UsedMethod,org.apache.commons.collections4.collection.AbstractCollectionDecorator:remove(Ljava/lang/Object;)Z,UNKNOWN
UsedMethod,org.apache.commons.collections4.collection.AbstractCollectionDecorator:size()I,UNKNOWN
UsedMethod,org.apache.commons.collections4.collection.AbstractCollectionDecorator:toArray()[Ljava/lang/Object;,UNKNOWN
UsedMethod,org.apache.commons.collections4.collection.AbstractCollectionDecorator:toArray([Ljava/lang/Object;)[Ljava/lang/Object;,UNKNOWN
UsedMethod,org.apache.commons.collections4.collection.AbstractCollectionDecorator:containsAll(Ljava/util/Collection;)Z,UNKNOWN
UsedMethod,org.apache.commons.collections4.collection.AbstractCollectionDecorator:removeAll(Ljava/util/Collection;)Z,UNKNOWN
UsedMethod,org.apache.commons.collections4.collection.AbstractCollectionDecorator:retainAll(Ljava/util/Collection;)Z,UNKNOWN
UsedMethod,org.apache.commons.collections4.collection.AbstractCollectionDecorator:toString()Ljava/lang/String;,UNKNOWN
UsedMethod,interfaces.Motorbike:<init>(Ljava/lang/String;)V,UNKNOWN
UsedMethod,interfaces.Motorbike:getBrand()Ljava/lang/String;,UNKNOWN
UsedMethod,interfaces.Motorbike:speedUp()Ljava/lang/String;,UNKNOWN
UsedMethod,interfaces.Motorbike:slowDown()Ljava/lang/String;,UNKNOWN
UsedMethod,org.apache.commons.collections4.bag.AbstractMapBag:<init>()V,UNKNOWN
UsedMethod,org.apache.commons.collections4.bag.AbstractMapBag:<init>(Ljava/util/Map;)V,UNKNOWN
UsedMethod,org.apache.commons.collections4.bag.AbstractMapBag:getMap()Ljava/util/Map;,UNKNOWN
UsedMethod,org.apache.commons.collections4.bag.AbstractMapBag:size()I,UNKNOWN
UsedMethod,org.apache.commons.collections4.bag.AbstractMapBag:isEmpty()Z,UNKNOWN
BloatedMethod,org.apache.commons.collections4.bag.AbstractMapBag:getCount(Ljava/lang/Object;)I,UNKNOWN
UsedMethod,org.apache.commons.collections4.bag.AbstractMapBag:contains(Ljava/lang/Object;)Z,UNKNOWN
BloatedMethod,org.apache.commons.collections4.bag.AbstractMapBag:containsAll(Ljava/util/Collection;)Z,UNKNOWN
BloatedMethod,org.apache.commons.collections4.bag.AbstractMapBag:containsAll(Lorg/apache/commons/collections4/Bag;)Z,UNKNOWN
UsedMethod,org.apache.commons.collections4.bag.AbstractMapBag:iterator()Ljava/util/Iterator;,UNKNOWN
UsedMethod,org.apache.commons.collections4.bag.AbstractMapBag:add(Ljava/lang/Object;)Z,UNKNOWN
UsedMethod,org.apache.commons.collections4.bag.AbstractMapBag:add(Ljava/lang/Object;I)Z,UNKNOWN
BloatedMethod,org.apache.commons.collections4.bag.AbstractMapBag:addAll(Ljava/util/Collection;)Z,UNKNOWN
BloatedMethod,org.apache.commons.collections4.bag.AbstractMapBag:clear()V,UNKNOWN
BloatedMethod,org.apache.commons.collections4.bag.AbstractMapBag:remove(Ljava/lang/Object;)Z,UNKNOWN
BloatedMethod,org.apache.commons.collections4.bag.AbstractMapBag:remove(Ljava/lang/Object;I)Z,UNKNOWN
BloatedMethod,org.apache.commons.collections4.bag.AbstractMapBag:removeAll(Ljava/util/Collection;)Z,UNKNOWN
BloatedMethod,org.apache.commons.collections4.bag.AbstractMapBag:retainAll(Ljava/util/Collection;)Z,UNKNOWN
BloatedMethod,org.apache.commons.collections4.bag.AbstractMapBag:retainAll(Lorg/apache/commons/collections4/Bag;)Z,UNKNOWN
BloatedMethod,org.apache.commons.collections4.bag.AbstractMapBag:toArray()[Ljava/lang/Object;,UNKNOWN
BloatedMethod,org.apache.commons.collections4.bag.AbstractMapBag:toArray([Ljava/lang/Object;)[Ljava/lang/Object;,UNKNOWN
UsedMethod,org.apache.commons.collections4.bag.AbstractMapBag:uniqueSet()Ljava/util/Set;,UNKNOWN
BloatedMethod,org.apache.commons.collections4.bag.AbstractMapBag:doWriteObject(Ljava/io/ObjectOutputStream;)V,UNKNOWN
BloatedMethod,org.apache.commons.collections4.bag.AbstractMapBag:doReadObject(Ljava/util/Map;Ljava/io/ObjectInputStream;)V,UNKNOWN
BloatedMethod,org.apache.commons.collections4.bag.AbstractMapBag:equals(Ljava/lang/Object;)Z,UNKNOWN
BloatedMethod,org.apache.commons.collections4.bag.AbstractMapBag:hashCode()I,UNKNOWN
BloatedMethod,org.apache.commons.collections4.bag.AbstractMapBag:toString()Ljava/lang/String;,UNKNOWN
UsedMethod,org.apache.commons.collections4.bag.AbstractMapBag:access$000(Lorg/apache/commons/collections4/bag/AbstractMapBag;)Ljava/util/Map;,UNKNOWN
UsedMethod,org.apache.commons.collections4.bag.AbstractMapBag:access$100(Lorg/apache/commons/collections4/bag/AbstractMapBag;)I,UNKNOWN
UsedMethod,org.apache.commons.collections4.bag.AbstractMapBag:access$210(Lorg/apache/commons/collections4/bag/AbstractMapBag;)I,UNKNOWN
UsedMethod,org.apache.commons.collections4.bag.AbstractMapBag$MutableInteger:<init>(I)V,UNKNOWN
BloatedMethod,org.apache.commons.collections4.bag.AbstractMapBag$MutableInteger:equals(Ljava/lang/Object;)Z,UNKNOWN
UsedMethod,org.apache.commons.collections4.bag.AbstractMapBag$MutableInteger:hashCode()I,UNKNOWN
UsedMethod,defaultmethods.MyTradingApi:<init>()V,UNKNOWN
BloatedMethod,defaultmethods.MyTradingApi:addOrder(Lcommon/Order;)Z,UNKNOWN
BloatedMethod,defaultmethods.MyTradingApi:cancelOrder(Ljava/util/UUID;)Z,UNKNOWN
UsedMethod,defaultmethods.MyTradingApi:getOpenOrders(I)Ljava/util/List;,UNKNOWN
UsedMethod,interfaces.Car:<init>(Ljava/lang/String;)V,UNKNOWN
UsedMethod,interfaces.Car:getBrand()Ljava/lang/String;,UNKNOWN
UsedMethod,interfaces.Car:speedUp()Ljava/lang/String;,UNKNOWN
UsedMethod,interfaces.Car:slowDown()Ljava/lang/String;,UNKNOWN
UsedMethod,lambda.OrderBookAnalyser:<init>()V,UNKNOWN
UsedMethod,lambda.OrderBookAnalyser:getNumberOfMatchedOrders(Ljava/util/List;Llambda/OrderMatcher;)I,UNKNOWN
UsedMethod,lambda.OrderBookAnalyser:getNumberOfMatchedOrders(Ljava/util/List;Llambda/OrderMatcherWithFees;)I,UNKNOWN
UsedMethod,lambda.OrderBookAnalyser:getNumberOfMatchedOrdersUsingJdkPredicateFunctionalInterface(Ljava/util/List;Ljava/util/function/Predicate;)I,UNKNOWN
UsedMethod,lambda.OrderBookAnalyser:getAuditDetailsForMatchingOrders(Ljava/util/List;Ljava/util/function/Predicate;Ljava/util/function/Function;)Ljava/util/List;,UNKNOWN
UsedMethod,lambda.OrderBookAnalyser:getAuditDetailsForMatchingOrdersUsingGenericArgs(Ljava/lang/Iterable;Ljava/util/function/Predicate;Ljava/util/function/Function;)Ljava/util/List;,UNKNOWN
UsedMethod,annotations.JsonSerializationException:<init>(Ljava/lang/String;)V,UNKNOWN
UsedMethod,common.Order$Type:values()[Lcommon/Order$Type;,UNKNOWN
UsedMethod,common.Order$Type:valueOf(Ljava/lang/String;)Lcommon/Order$Type;,UNKNOWN
UsedMethod,common.Order$Type:<init>(Ljava/lang/String;I)V,UNKNOWN
UsedMethod,common.Order$Type:<clinit>()V,UNKNOWN
UsedMethod,calc.Calculator:<init>(II)V,UNKNOWN
UsedMethod,calc.Calculator:sum()I,UNKNOWN
UsedMethod,calc.Calculator:sub()I,UNKNOWN
UsedMethod,calc.Calculator:mul()I,UNKNOWN
UsedMethod,calc.Calculator:other()I,UNKNOWN
UsedMethod,common.Order$Market:values()[Lcommon/Order$Market;,UNKNOWN
UsedMethod,common.Order$Market:valueOf(Ljava/lang/String;)Lcommon/Order$Market;,UNKNOWN
UsedMethod,common.Order$Market:<init>(Ljava/lang/String;I)V,UNKNOWN
UsedMethod,common.Order$Market:<clinit>()V,UNKNOWN
UsedMethod,org.apache.commons.collections4.bag.HashBag:<init>()V,UNKNOWN
UsedMethod,org.apache.commons.collections4.bag.HashBag:<init>(Ljava/util/Collection;)V,UNKNOWN
BloatedMethod,org.apache.commons.collections4.bag.HashBag:writeObject(Ljava/io/ObjectOutputStream;)V,UNKNOWN
BloatedMethod,org.apache.commons.collections4.bag.HashBag:readObject(Ljava/io/ObjectInputStream;)V,UNKNOWN
UsedMethod,interfaces.Vehicle:getBrand()Ljava/lang/String;,UNKNOWN
UsedMethod,interfaces.Vehicle:speedUp()Ljava/lang/String;,UNKNOWN
UsedMethod,interfaces.Vehicle:slowDown()Ljava/lang/String;,UNKNOWN
UsedMethod,interfaces.Vehicle:turnAlarmOn()Ljava/lang/String;,UNKNOWN
UsedMethod,interfaces.Vehicle:turnAlarmOff()Ljava/lang/String;,UNKNOWN
UsedMethod,interfaces.Vehicle:getHorsePower(II)I,UNKNOWN
UsedMethod,annotations.Person:<init>(Ljava/lang/String;Ljava/lang/String;)V,UNKNOWN
UsedMethod,annotations.Person:<init>(Ljava/lang/String;Ljava/lang/String;Ljava/lang/String;)V,UNKNOWN
UsedMethod,annotations.Person:initNames()V,UNKNOWN
UsedMethod,annotations.Person:getFirstName()Ljava/lang/String;,UNKNOWN
BloatedMethod,annotations.Person:setFirstName(Ljava/lang/String;)V,UNKNOWN
UsedMethod,annotations.Person:getLastName()Ljava/lang/String;,UNKNOWN
BloatedMethod,annotations.Person:setLastName(Ljava/lang/String;)V,UNKNOWN
UsedMethod,annotations.Person:getAge()Ljava/lang/String;,UNKNOWN
BloatedMethod,annotations.Person:setAge(Ljava/lang/String;)V,UNKNOWN
UsedMethod,annotations.Person:getAddress()Ljava/lang/String;,UNKNOWN
BloatedMethod,annotations.Person:setAddress(Ljava/lang/String;)V,UNKNOWN
UsedMethod,annotations.ObjectToJsonConverter:<init>()V,UNKNOWN
UsedMethod,annotations.ObjectToJsonConverter:convertToJson(Ljava/lang/Object;)Ljava/lang/String;,UNKNOWN
UsedMethod,annotations.ObjectToJsonConverter:checkIfSerializable(Ljava/lang/Object;)V,UNKNOWN
UsedMethod,annotations.ObjectToJsonConverter:initializeObject(Ljava/lang/Object;)V,UNKNOWN
UsedMethod,annotations.ObjectToJsonConverter:getJsonString(Ljava/lang/Object;)Ljava/lang/String;,UNKNOWN
UsedMethod,annotations.ObjectToJsonConverter:getKey(Ljava/lang/reflect/Field;)Ljava/lang/String;,UNKNOWN
UsedMethod,annotations.ObjectToJsonConverter:lambda$getJsonString$0(Ljava/util/Map$Entry;)Ljava/lang/String;,UNKNOWN
UsedMethod,org.apache.commons.collections4.set.AbstractSerializableSetDecorator:<init>(Ljava/util/Set;)V,UNKNOWN
BloatedMethod,org.apache.commons.collections4.set.AbstractSerializableSetDecorator:writeObject(Ljava/io/ObjectOutputStream;)V,UNKNOWN
BloatedMethod,org.apache.commons.collections4.set.AbstractSerializableSetDecorator:readObject(Ljava/io/ObjectInputStream;)V,UNKNOWN
UsedMethod,defaultmethods.TradingApi:addOrder(Lcommon/Order;)Z,UNKNOWN
UsedMethod,defaultmethods.TradingApi:cancelOrder(Ljava/util/UUID;)Z,UNKNOWN
UsedMethod,defaultmethods.TradingApi:getOpenOrders(I)Ljava/util/List;,UNKNOWN
UsedMethod,defaultmethods.TradingApi:getImplName()Ljava/lang/String;,UNKNOWN
UsedMethod,defaultmethods.TradingApi:getCurrentExchangeTime()Ljava/util/Date;,UNKNOWN
UsedMethod,common.Order:<init>(Lcommon/Order$Market;Lcommon/Order$Type;Ljava/math/BigDecimal;Ljava/math/BigDecimal;Ljava/math/BigDecimal;)V,UNKNOWN
UsedMethod,common.Order:getId()Ljava/util/UUID;,UNKNOWN
UsedMethod,common.Order:getMarketId()Lcommon/Order$Market;,UNKNOWN
UsedMethod,common.Order:getType()Lcommon/Order$Type;,UNKNOWN
UsedMethod,common.Order:getAmount()Ljava/math/BigDecimal;,UNKNOWN
UsedMethod,common.Order:getPrice()Ljava/math/BigDecimal;,UNKNOWN
UsedMethod,common.Order:getFee()Ljava/math/BigDecimal;,UNKNOWN
UsedMethod,common.Order:provideAuditDetails()Ljava/lang/String;,UNKNOWN
UsedMethod,common.Order:getTradeCountToFill()I,UNKNOWN
BloatedMethod,common.Order:setTradeCountToFill(I)V,UNKNOWN
UsedMethod,org.apache.commons.collections4.set.AbstractSetDecorator:<init>()V,UNKNOWN
UsedMethod,org.apache.commons.collections4.set.AbstractSetDecorator:<init>(Ljava/util/Set;)V,UNKNOWN
UsedMethod,org.apache.commons.collections4.set.AbstractSetDecorator:decorated()Ljava/util/Set;,UNKNOWN
UsedMethod,org.apache.commons.collections4.set.AbstractSetDecorator:equals(Ljava/lang/Object;)Z,UNKNOWN
UsedMethod,org.apache.commons.collections4.set.AbstractSetDecorator:hashCode()I,UNKNOWN
UsedMethod,org.apache.commons.collections4.set.AbstractSetDecorator:decorated()Ljava/util/Collection;,UNKNOWN
UsedMethod,calc.CalculatorB:<init>()V,UNKNOWN
